Location,Country
"Philadelphia, PA",USA
"GREENSBORO, NORTH CAROLINA",USA
"Sheffield Township, Ohio",USA
Anaheim,USA
USA,USA
"Concord, CA",USA
San Francisco,USA
"Nashville, TN",USA
"Santa Clara, CA",USA
"St. Louis, MO",USA
"Walker County, Alabama",USA
North Carolina,USA
"San Mateo County, CA",USA
"Arlington, TX",USA
"South Bloomfield, OH",USA
"New Hanover County, NC",USA
"Manchester, NH",USA
"Wilmington, NC",USA
"Baton Rouge, LA",USA
"Hagerstown, MD",USA
US,USA
Baker City Oregon,USA
United States,USA
marysville ca,USA
"Hermosa Beach, CA",USA
Pennsylvania,USA
"Salt Lake City, Utah",USA
"Palo Alto, CA",USA
"Eagle Pass, Texas",USA
"New Mexico, USA",USA
"Lehigh Valley, PA",USA
"San Francisco, CA",USA
nyc,USA
"New Orleans, LA",USA
"Cambridge, MA",USA
Arizona,USA
"Williamstown, VT",USA
"North Carolina, USA",USA
Loveland Colorado,USA
|| c h i c a g o ||,USA
L. A.,USA
"Davidson, NC",USA
"Horsemind, MI",USA
"New York, NY",USA
Boston,USA
Albany/NY,USA
"California, USA",USA
"Yeezy Taught Me , NV",USA
"Rock Hill, SC",USA
"Coolidge, AZ",USA
"Phoenix, AZ",USA
Connecticut,USA
"Tacoma,Washington",USA
"Chandler, AZ",USA
Texas,USA
"Elk Grove, CA, USA",USA
"Austin, TX",USA
Oakland,USA
Albuquerque,USA
"San Antonio-ish, TX",USA
"Oregon, USA",USA
"Harlingen, TX",USA
Buffalo NY,USA
Las Vegas,USA
"California, United States",USA
New York City,USA
"Florida, USA",USA
California,USA
"Castaic, CA",USA
"Memphis, TN",USA
"Hollywood, CA",USA
New York,USA
"Harlem, New York",USA
"Washington, DC",USA
"Burbank,CA",USA
"Spokane, Washington",USA
"Charlotte, NC",USA
"Melbourne, Florida",USA
"Washington, D.C., area",USA
"Hudson Valley, NY",USA
"Eagle Mountain, Texas",USA
"Temecula, CA",USA
"Atlanta,Ga",USA
"Fresno, CA",USA
"Raleigh Durham, NC",USA
"Columbus, OH",USA
Durham N.C,USA
ARIZONA,USA
"Penn Hills, PA",USA
seattle wa,USA
SOUTHERN CALIFORNIA DESERT,USA
"Pig Symbol, Alabama",USA
State of Georgia,USA
"Saint Marys, GA",USA
"Pennsylvania, PA",USA
"Rockford, IL",USA
"Vero Beach , FL",USA
"Baltimore, MD",USA
"Quantico, VA",USA
"Island Lake, IL",USA
"Live Oak, TX",USA
"Gages Lake, IL",USA
Madisonville TN,USA
The Great State of Texas,USA
"Greensboro, NC",USA
Indiana,USA
Seattle,USA
Waterford MI,USA
"Iowa, USA",USA
Florida,USA
california mermaid ?,USA
USA/SO FLORIDA via BROOKLYN NY,USA
"Brooklyn, NY",USA
"Queens, NY",USA
"Purgatory, USA",USA
"Maryland, USA",USA
"University Heights, Ohio",USA
Central Illinois,USA
"Cleveland, OH",USA
"Detroit, MI, United States",USA
columbus ohio,USA
"Waukesha, WI",USA
"Houston, TX",USA
lakewood colorado,USA
"Washington, USA",USA
"Seattle, WA",USA
"Ewa Beach, HI",USA
"Biloxi, Mississippi",USA
"Brecksville, OH",USA
Nashua NH,USA
"Lynnfield, MA",USA
"peekskill. new york, 10566",USA
"Santa Cruz, CA",USA
Oklahoma,USA
"801 SL,UT",USA
Georgia,USA
"St Paul, MN",USA
"Missouri, USA",USA
#EngleWood CHICAGO,USA
Birmingham,Unsure
World Wide!!,Unsure
milky way,Unsure
hollywoodland,Unsure
Inang Pamantasan,Unsure
Twitter Lockout in progress,Unsure
CLVLND,Unsure
Norf Carolina,Unsure
Your Sister's Bedroom,Unsure
global,Unsure
Charlotte,Unsure
Instagram - @heyimginog,Unsure
304,Unsure
Somewhere Only We Know ?,Unsure
dope show,Unsure
"19.600858, -99.047821",Unsure
"Spain but Opa-Locka, FL",Unsure
Financial News and Views,Unsure
y(our) boyfriends legs,Unsure
Somewhere Out There,Unsure
Not a U.S resident,Unsure
Thrissur,Unsure
Havenford,Unsure
92,Unsure
Fashion Heaven. IG: TMId_,Unsure
Jackson,Unsure
New York / Worldwide,Unsure
Happily Married with 2 kids,Unsure
VISIT MY YOUTUBE CHANNEL.,Unsure
Lexington,Unsure
Playa,Unsure
Higher Places,Unsure
Boksburg,Unsure
The Canopy Kingdom,Unsure
the own zone layer,Unsure
Trancy Manor,Unsure
South 37,Unsure
PA,Unsure
\u0089Û¢ Views From The Six \u0089Û¢,Unsure
Swaning Around,Unsure
Wild Wild Web,Unsure
Subconscious LA,Unsure
CA physically- Boston Strong?,Unsure
Republic of Texas,Unsure
BIG D HOUSTON/BOSTON/DENVER,Unsure
ColoRADo,Unsure
sindria,Unsure
The Shire,Unsure
Wrigley Field,Unsure
probably the strip club,Unsure
Here And There,Unsure
"Derry, 17",Unsure
Nowhere. Everywhere.,Unsure
Worldwide,Unsure
East Coast,Unsure
The Orwellion police-state,Unsure
East Kilbride,Unsure
middle eastern palace,Unsure
Kent,Unsure
Perthshire,Unsure
twitch.tv/naturalemblem26,Unsure
Studio,Unsure
Campinas Sp,Unsure
?,Unsure
Across the Atlantic,Unsure
Over the Moon...,Unsure
Extraterrestrial Highway,Unsure
OES 4th Point. sisSTAR & TI,Unsure
timeline kamu,Unsure
Searching for Bae,Unsure
Columbus,Unsure
ducked off . . .,Unsure
302,Unsure
Mo.City,Unsure
"Tripsburg, ms.",Unsure
Gotham City,Unsure
My contac 27B80F7E 08170156520,Unsure
THE WORLD T.G.G / M.M.M,Unsure
Between the worlds,Unsure
Your screen,Unsure
worldwide,Unsure
Suitland,Unsure
Everywhere,Unsure
Konoha,Unsure
Swag Francisco,Unsure
AZ,Unsure
IN,Unsure
In the middle of no where,Unsure
dmv ?? fashion school @ KSU.,Unsure
Nice places,Unsure
"Basketball City, USA",Unsure
AEP,Unsure
#expelcl*y,Unsure
My heart is a ghost town!,Unsure
the local dump,Unsure
?205?478?,Unsure
va,Unsure
New York ? ATL,Unsure
H / pez & sophia,Unsure
wherever the $$$ at,Unsure
Sydney,Unsure
Baton Rouge,Unsure
PSN: Pipbois,Unsure
Me mammy's belly,Unsure
Laventillemoorings,Unsure
Waterfront,Unsure
Himalayan Mountains,Unsure
Colorado/WorldWide,Unsure
THE 6IX,Unsure
The ?? below ???,Unsure
Ideally under a big tree,Unsure
Conversing In Janet's CafÌ¬,Unsure
"???????, ??'??????",Unsure
Dime's Palace,Unsure
Bug Forest,Unsure
canberra,Unsure
International,Unsure
The World,Unsure
Htx,Unsure
PunPunlÌ¢ndia,Unsure
???,Unsure
North Jersey,Unsure
Buenos Aires,Unsure
Ivano-Frankivsk,Unsure
Leicester,Unsure
65,Unsure
Westchester,Unsure
"Level 3 Garrison, Sector G",Unsure
Glasgow,Unsure
PH,Unsure
Storybrooke,Unsure
under the blanket,Unsure
L/S/Z/L/T/H/C/H/R/A/S/C,Unsure
fluffy cloud,Unsure
The 5th Dimension.,Unsure
"July 11th, 2015. ?",Unsure
The Grey Area,Unsure
Cobblestone,Unsure
"ÌÏT: 30.307558,-81.403118",Unsure
Cosmic Oneness,Unsure
Nowhere Islands/Smash Manor,Unsure
kisumu,Unsure
Making Worldwide Change Near U,Unsure
ATX,Unsure
LA/OC/Vegas,Unsure
Gotham,Unsure
"sitting on Eddie Vedders lap,",Unsure
"Greenville,SC",Unsure
Paignton,Unsure
have car; will travel,Unsure
ATL ? SEA,Unsure
"ÌÏT: 39.982988,-75.261624",Unsure
302???? 815,Unsure
New Your,Unsure
PURPLE BOOTH STUDIO\u0089ã¢,Unsure
Cloud 9,Unsure
Bristol,UK
"London, UK",UK
UK,UK
"Gloucestershire , UK",UK
West Wales,UK
"Swindon,England",UK
"Greater Manchester, UK",UK
London,UK
"West Lancashire, UK.",UK
#FLIGHTCITY UK,UK
England,UK
Essex/Brighton,UK
#SOUTHAMPTON ENGLAND,UK
UK & Ibiza,UK
Scotland,UK
"Walthamstow, London",UK
"England,UK,Europe,Sol 3.",UK
Shity land of Northern Ireland,UK
"Guildford, UK",UK
London/Outlaw Country,UK
"Grimsby, England",UK
"Manchester, The World, England",UK
Switzerland,Switzerland
sri lanka,Sri Lanka
"Colombo,Sri Lanka.",Sri Lanka
Spain,Spain
"Alicante, Valencia",Spain
Pretoria,South Africa
South Africa,South Africa
"Johannesburg, South Africa",South Africa
"Ljubljana, Slovenia",Slovenia
Singapore,Singapore
Paranaque City,Philippines
"Intramuros, Manila",Philippines
Lima-Peru,Peru
Karachi,Pakistan
Pakistan,Pakistan
Karachi,Pakistan
Abuja,Nigeria
Nigeria,Nigeria
Christchurch New Zealand,New Zealand
Amsterdam,Netherlands
"Alphen aan den Rijn, Holland",Netherlands
"Rotterdam, Zuid-Holland",Netherlands
"Netherlands,Amsterdam-Virtual",Netherlands
"IJmuiden, The Netherlands",Netherlands
Mexico! ^_^,Mexico
"Saltillo, Coahuila de Zaragoza",Mexico
Maldives,Maldives
Malaysia,Malaysia
Former Yugoslav Republic of Macedonia,Macedonia
"Njoro, Kenya",Kenya
"Nairobi, Kenya",Kenya
Tokyo,Japan
italy,Italy
Israel,Israel
Indonesia,Indonesia
India,India
"Jaipur, India",India
Hyderabad Telangana INDIA,India
bangalore,India
Mumbai india,India
Mumbai,India
Delhi,India
"Budapest, Hungary",Hungary
"Hannover, Germany",Germany
Kama | 18 | France,France
"Helsinki, Finland",Finland
"Espoo, Finland",Finland
"Cairo, Egypt",Egypt
cyprus,Cyprus
"Edmonton, Alberta - Treaty 6",Canada
"Calgary, AB",Canada
Alberta | Sask. | Montana,Canada
"Oshawa, Canada",Canada
Canada,Canada
Toronto,Canada
University of Toronto,Canada
"Toronto, ON",Canada
Alberta Pack,Canada
"Vancouver, BC.",Canada
"Ottawa, Canada",Canada
"Calgary, Alberta",Canada
"Vancouver, BC",Canada
Guelph Ontario Canada,Canada
Ontario Canada,Canada
"Inverness, Nova Scotia",Canada
"Sao Paulo, Brazil",Brazil
Rio de Janeiro,Brazil
"Itirapina, SÌ£o Paulo",Brazil
Brazil,Brazil
Belgium,Belgium
Barbados,Barbados
Australia,Australia
"V-RP @OZRP_ ?MV, AU, R18+?",Australia
"Sydney, New South Wales",Australia
Daruka (near Tamworth) NSW,Australia
"Sunshine Coast, Queensland",Australia
Isolated City In World Perth,Australia
AUS,Australia
"Buenos Aires, Argentina",Argentina